{"cameraMode":{"drawMode":0,"name":"Shaded","section":"Shading Mode"},"sceneLighting":false,"audioPlay":false,"sceneViewState":{"showFog":true,"showMaterialUpdate":true,"showSkybox":false,"showFlares":true,"showImageEffects":true,"showParticleSystems":true},"in2DMode":false,"pivot":{"x":0.024092094972729684,"y":13.03897476196289,"z":-13.474532127380371},"rotation":{"x":-0.002852720208466053,"y":0.9970265626907349,"z":-0.06170441955327988,"w":-0.046094443649053577},"size":298.9570617675781,"orthographic":false}