{"cameraMode":{"drawMode":0,"name":"Shaded","section":"Shading Mode"},"sceneLighting":false,"audioPlay":false,"sceneViewState":{"showFog":true,"showMaterialUpdate":true,"showSkybox":false,"showFlares":true,"showImageEffects":true,"showParticleSystems":true},"in2DMode":false,"pivot":{"x":-4.14048433303833,"y":5.3209757804870609,"z":-1.5871330499649048},"rotation":{"x":-0.006761437747627497,"y":0.9906044006347656,"z":-0.12579254806041718,"w":-0.05324568226933479},"size":29.360340118408204,"orthographic":false}