{"cameraMode":{"drawMode":0,"name":"Shaded","section":"Shading Mode"},"sceneLighting":false,"audioPlay":false,"sceneViewState":{"showFog":true,"showMaterialUpdate":true,"showSkybox":false,"showFlares":true,"showImageEffects":true,"showParticleSystems":true},"in2DMode":false,"pivot":{"x":-4.76837158203125e-7,"y":1.522765874862671,"z":0.2999999523162842},"rotation":{"x":-0.006761437747627497,"y":0.9906044006347656,"z":-0.12579254806041718,"w":-0.05324568226933479},"size":27.66642189025879,"orthographic":false}