{"cameraMode":{"drawMode":0,"name":"Shaded","section":"Shading Mode"},"sceneLighting":false,"audioPlay":false,"sceneViewState":{"showFog":true,"showMaterialUpdate":true,"showSkybox":true,"showFlares":true,"showImageEffects":true,"showParticleSystems":true},"in2DMode":false,"pivot":{"x":19.526004791259767,"y":160.5575714111328,"z":-48.99457550048828},"rotation":{"x":0.09768562018871308,"y":0.3161221146583557,"z":0.03269319608807564,"w":-0.9431478381156921},"size":3.1481473445892336,"orthographic":false}