{"cameraMode":{"drawMode":0,"name":"Shaded","section":"Shading Mode"},"sceneLighting":false,"audioPlay":false,"sceneViewState":{"showFog":true,"showMaterialUpdate":true,"showSkybox":false,"showFlares":true,"showImageEffects":true,"showParticleSystems":true},"in2DMode":false,"pivot":{"x":17.708093643188478,"y":-23.22672462463379,"z":-0.6189823150634766},"rotation":{"x":-0.3433060944080353,"y":-0.6207128167152405,"z":0.34745344519615176,"w":-0.6133015751838684},"size":41.87251663208008,"orthographic":false}