{"cameraMode":{"drawMode":0,"name":"Shaded","section":"Shading Mode"},"sceneLighting":false,"audioPlay":false,"sceneViewState":{"showFog":false,"showMaterialUpdate":false,"showSkybox":false,"showFlares":false,"showImageEffects":false,"showParticleSystems":false},"in2DMode":false,"pivot":{"x":1.7444508075714112,"y":0.4109920859336853,"z":0.42454439401626589},"rotation":{"x":-0.5065917372703552,"y":0.49338045716285708,"z":-0.49576419591903689,"w":-0.5041543245315552},"size":0.5413573980331421,"orthographic":false}