{"cameraMode":{"drawMode":0,"name":"Shaded","section":"Shading Mode"},"sceneLighting":true,"audioPlay":false,"sceneViewState":{"showFog":false,"showMaterialUpdate":false,"showSkybox":false,"showFlares":false,"showImageEffects":false,"showParticleSystems":false},"in2DMode":false,"pivot":{"x":-8.730424880981446,"y":2.450070381164551,"z":-2.009646415710449},"rotation":{"x":-0.0014627269702032209,"y":0.9791789054870606,"z":-0.20288580656051637,"w":-0.007047952152788639},"size":8.576248168945313,"orthographic":false}