{"cameraMode":{"drawMode":0,"name":"Shaded","section":"Shading Mode"},"sceneLighting":false,"audioPlay":false,"sceneViewState":{"showFog":false,"showMaterialUpdate":false,"showSkybox":false,"showFlares":false,"showImageEffects":false,"showParticleSystems":false},"in2DMode":false,"pivot":{"x":17.903278350830079,"y":0.6737093925476074,"z":5.999204158782959},"rotation":{"x":-0.5877856016159058,"y":-0.029837725684046747,"z":0.0217006653547287,"w":-0.8081837892532349},"size":4.222122669219971,"orthographic":false}