{"cameraMode":{"drawMode":0,"name":"Shaded","section":"Shading Mode"},"sceneLighting":false,"audioPlay":false,"sceneViewState":{"showFog":false,"showMaterialUpdate":false,"showSkybox":false,"showFlares":false,"showImageEffects":false,"showParticleSystems":false},"in2DMode":false,"pivot":{"x":77.75,"y":8.864999771118164,"z":0.36500000953674319},"rotation":{"x":0.09765442460775376,"y":-0.000004492061179917073,"z":0.0000013278760206958396,"w":0.9952245354652405},"size":1.0327484607696534,"orthographic":false}