{"cameraMode":{"drawMode":0,"name":"Shaded","section":"Shading Mode"},"sceneLighting":false,"audioPlay":false,"sceneViewState":{"showFog":false,"showMaterialUpdate":false,"showSkybox":false,"showFlares":false,"showImageEffects":false,"showParticleSystems":false},"in2DMode":false,"pivot":{"x":81.88525390625,"y":7.5921630859375,"z":3.75376558303833},"rotation":{"x":0.09765442460775376,"y":-0.000004492061179917073,"z":0.0000013278760206958396,"w":0.9952245354652405},"size":0.8163822889328003,"orthographic":false}