{"cameraMode":{"drawMode":0,"name":"Shaded","section":"Shading Mode"},"sceneLighting":false,"audioPlay":false,"sceneViewState":{"showFog":false,"showMaterialUpdate":false,"showSkybox":false,"showFlares":false,"showImageEffects":false,"showParticleSystems":false},"in2DMode":false,"pivot":{"x":78.13999938964844,"y":-7.141250133514404,"z":0.0},"rotation":{"x":-0.004630092065781355,"y":0.9826592206954956,"z":-0.18370120227336884,"w":-0.024767423048615457},"size":2.2904231548309328,"orthographic":false}