{"cameraMode":{"drawMode":0,"name":"Shaded","section":"Shading Mode"},"sceneLighting":false,"audioPlay":false,"sceneViewState":{"showFog":false,"showMaterialUpdate":false,"showSkybox":false,"showFlares":false,"showImageEffects":false,"showParticleSystems":false},"in2DMode":false,"pivot":{"x":287.6458435058594,"y":211.8761444091797,"z":-43.614715576171878},"rotation":{"x":-0.009308075532317162,"y":-0.015586781315505505,"z":0.0001431555429007858,"w":-0.9998505115509033},"size":22.0,"orthographic":false}