{"cameraMode":{"drawMode":0,"name":"Shaded","section":"Shading Mode"},"sceneLighting":false,"audioPlay":false,"sceneViewState":{"showFog":false,"showMaterialUpdate":false,"showSkybox":false,"showFlares":false,"showImageEffects":false,"showParticleSystems":false},"in2DMode":false,"pivot":{"x":-8.416105270385743,"y":-9.828571319580079,"z":-0.013595819473266602},"rotation":{"x":-0.05721884220838547,"y":0.04582226276397705,"z":-0.0026302591431885959,"w":-0.9973276853561401},"size":2.586305618286133,"orthographic":false}