{"cameraMode":{"drawMode":0,"name":"Shaded","section":"Shading Mode"},"sceneLighting":false,"audioPlay":false,"sceneViewState":{"showFog":false,"showMaterialUpdate":false,"showSkybox":false,"showFlares":false,"showImageEffects":false,"showParticleSystems":false},"in2DMode":false,"pivot":{"x":80.05000305175781,"y":9.75,"z":0.36500000953674319},"rotation":{"x":0.16310034692287446,"y":0.5016688704490662,"z":-0.09704911708831787,"w":0.8439845442771912},"size":2.076637029647827,"orthographic":false}