{"cameraMode":{"drawMode":0,"name":"Shaded","section":"Shading Mode"},"sceneLighting":false,"audioPlay":false,"sceneViewState":{"showFog":false,"showMaterialUpdate":false,"showSkybox":false,"showFlares":false,"showImageEffects":false,"showParticleSystems":false},"in2DMode":false,"pivot":{"x":-16.91707420349121,"y":-8.854935646057129,"z":-0.8137962818145752},"rotation":{"x":-0.13501352071762086,"y":-0.34081414341926577,"z":0.04952729120850563,"w":-0.9290825724601746},"size":1.6987580060958863,"orthographic":false}