{"cameraMode":{"drawMode":0,"name":"Shaded","section":"Shading Mode"},"sceneLighting":false,"audioPlay":false,"sceneViewState":{"showFog":false,"showMaterialUpdate":false,"showSkybox":false,"showFlares":false,"showImageEffects":false,"showParticleSystems":false},"in2DMode":false,"pivot":{"x":96.79435729980469,"y":33.44212341308594,"z":-33.150123596191409},"rotation":{"x":-0.009308075532317162,"y":-0.015586781315505505,"z":0.0001431555429007858,"w":-0.9998505115509033},"size":22.0,"orthographic":false}