{"cameraMode":{"drawMode":0,"name":"Shaded","section":"Shading Mode"},"sceneLighting":false,"audioPlay":false,"sceneViewState":{"showFog":false,"showMaterialUpdate":false,"showSkybox":false,"showFlares":false,"showImageEffects":false,"showParticleSystems":false},"in2DMode":false,"pivot":{"x":-0.8799999952316284,"y":6.389999866485596,"z":-0.7158507108688355},"rotation":{"x":0.02215425856411457,"y":-0.05604523420333862,"z":-0.0012461708392947913,"w":-0.9981956481933594},"size":1.6904252767562867,"orthographic":false}